Username,Caption,Date Posted,Number of Likes
instagram,"â€œI always want to be honest and relatable. I want people to feel heard when they hear my music.â€ â€”Singer-songwriter @catburns (Cat Burns) 
 
â€œI like to write about things we experience, but donâ€™t always talk about openly, like prioritizing mental health and how painful friendship breakups can be. I always like to do something unexpected, so the lyrics could be something serious, but itâ€™s juxtaposed against a catchy melody.â€ 
 
Catâ€™s stripped-back pop includes her post-breakup anthem â€œGo,â€ and â€œFree,â€ a celebration of self-acceptance and the courage needed to come out to family. â€œOpening up about my experiences through music is part of my healing process â€” itâ€™s definitely a form of therapy. Iâ€™ve found so much more happiness and understanding of myself by living my truth.â€ 
 
Photo by @catburns",9/26/2022 15:51,340347
instagram,"â€œI began dancing before I was born, in my motherâ€™s womb. When she would enter the Powwow Circle, she would bring me in with her in her belly, so that I may feel the beating of the drum, and later still remember the songs of my people when all that filled my ears was the beating of my motherâ€™s heart.â€ â€”(@sherente) SherentÃ© Mishitashin Harrisâ£â£
â£â£
SherentÃ© is Niantic Narragansett, a citizen of the Narragansett Indian Tribe. Their parents are both champion dancers. â€œI am an LGBTQ and Two Spirit activist who began radical change in my Powwow circuit by dancing in the style of the opposite gender. I followed in the styles of my parents â€” beginning with the Eastern War Dance, the style of my father, and after coming out, adopting the Fancy Shawl Dance, the style of my mother. Despite being discriminated against and excluded, I went out and danced anyways. â£â£â£
 â£â£â£
Above all, my mother stressed the importance of maintaining grace. A great Fancy Shawl dancer is graceful. Something sheer strength can never bring is the skill of poise and grace.â€ â£â£â£
 â£â£â£
Photo by @sherente",9/22/2022 16:02,579586
instagram,"â€œNever doubt the power of your unique voice. Your passion and authenticity resonates and reshapes reality. Itâ€™s the goal of oppressive systems to make us feel tired, and hopeless, to forget who we are. Joy, and recognizing your power, is an act of rebellion.â€ â€”Environmental and climate activist @mayasideas (Maya Penn) 
 
At age 8, Maya started her journey as an activist. Today, all her work, including her role as the founder and CEO of an eco-fashion brand and her independent animation studio Upenndo!, merges grassroots activism, global change and the power and magic of art. 
 
â€œIâ€™m a solutions-based activist,â€ says Maya. â€œItâ€™s so important for people to know what can be done because that fuels action, empowerment and hope. I grew up in an eco-conscious household, so environmental stewardship is all Iâ€™ve ever known. Also growing up in Georgia, a heart of the civil rights movement, Iâ€™ve had the honor of receiving wisdom from elders who paved the way for voices like mine to be heard. 
 
We need societal, systemic and corporate change to reach a more sustainable and equitable world. The power of community, focusing on adaptability and intergenerational collaboration, is what will drive change.â€ 
 
Photo by @mayasideas",8/29/2022 15:55,475470
instagram,"â€œI do not believe your income or ethnicity should determine the value of your life.â€ Youth organizer and activist @frias_daphne (Daphne Frias) works at the intersection of gun violence prevention, disability justice, voting rights and the climate crisis. 
 
Daphne first got engaged politically after the 2018 Parkland mass shooting. â€œI was inspired by the survivors and the March For Our Lives movement. However, I was frustrated by the fact that communities like mine were not being highlighted in the gun violence prevention space. Communities of color face two to three times more gun violence on a daily basis, but our stories rarely make the headlines,â€ says Daphne, who calls herself â€œunapologetically Latinaâ€ and was born and raised in West Harlem, New York. 
 
Daphne served as the New York State director for March For Our Lives before creating her own nonprofit Box The Ballot, which aims to harness the power of absentee ballots. Sheâ€™s seen firsthand how minority communities are disproportionally affected by climate change and is an outspoken advocate on the issues. In 2019 she participated in the Youth Climate Summit in Miami organized by Zero Hour and was an official spokesperson for the global climate strikes in New York City. 
 
Daphne has cerebral palsy and uses a wheelchair to ambulate. â€œTo be treated as a full human being with independence and autonomy is a right not a privilege. Until disabled people can be seen wholly for who we are, we will not achieve equitable change. I believe social media platforms have a responsibility to not only share the fun moments of life but to push us to think bigger than ourselves. Sharing the stories of people who are often not seen allows us to change the narrative of what society deems as successful or important. If we are constantly surrounded by people who look like us or think the same way, we will never grow as people.â€ 
 
Photo of @frias_daphne by @rauldelima",8/15/2022 15:47,318912
instagram,"â€œWhen I stare into their expressions and wonder why I felt the need to paint them that way, sometimes I feel that my paintings understand me better than myself.â€ Korean American freelance illustrator @jisuartist (Jisu) incorporates a heavy emphasis on advanced digital painting technique, as well as CG design elements in her work, bringing a fresh take to relatable themes. â€œA lot of my work masquerades dark themes with bright, saccharine colors. The characters you see in my work are definitely a reflection of me. They express the thoughts and feelings I have at that present time â€” many of which revolve around my mental health.

The most important thing to me as an individual and as an artist is being authentic. I grew up feeling very judged and boxed in due to my conservative upbringing, and in turn expressed my true self through my art. In my teens, my art went semi-viral within the fan art communities and kickstarted my career, but over time, being known for one thing pigeon-holed me into yet another box. I felt a disconnect between my work and my true self again.â€

After taking a year off, Jisu felt able to express herself again. â€œNFTs have made it so that you as a creative no longer have to tailor yourself to the masses for their patronage, and instead can indulge in creating for only a few dedicated collectors. This shift has enabled artists like me to finally create what we want, how we want and be compensated for it.â€

Art by @jisuartist",8/9/2022 16:00,464339
instagram,"â€œIâ€™m motivated by the idea of making someone smile on a rough day and making some bad day just a little less bad.â€ â€”@realliamsilk (Liam Silk)

Liamâ€™s relatable comedy videos are mostly based on real-life experiences with friends and family. â€œThe themes to my work are very uplifting and generally upbeat ideas or topics. There is a lot of ugly in the world and I want to do anything I can to make the world just a little brighter,â€ says Liam, who started posting his videos during his freshman year of high school. â€œMy work seeks to challenge the notion that to be funny you must be vulgar or bring someone down. I think comedy should be exponentially positive and shouldnâ€™t come at the cost of someoneâ€™s feelings.â€

Photo by @realliamsilk",8/1/2022 15:53,467854
instagram,"Aboriginal artist, photographer and designer @bobbilockyer (Bobbi Lockyer) creates work that refuses to be defined by conventional means. â€œIt is influenced by the stories of the past, the colors of country and the waves of the ocean, along with my deep-rooted passion for community and dream of a better world,â€ says Bobbi.

â€œI feel a deep affinity for country and community and use my art, fashion and photography as a platform to raise awareness of social justice issues, including Indigenous rights and womenâ€™s rights,â€ says Bobbi, a member of @blaklens, a collective of Black photographers and videographers across Australia. This September, Bobbiâ€™s fashion line will show at New York Fashion Week. â€œBorn under a rainbow next to the sea, Gantharri â€” meaning â€˜Queen Beeâ€™ and â€˜Grandmotherâ€™ in Ngarluma language â€” is my Aboriginal owned and designed inclusive label of love.â€

#NAIDOCWeek celebrates the history, culture and achievements of Aboriginal and Torres Strait Islander peoples throughout Australia. A proud Ngarluma, Kariyarra, Nyulnyul and Yawuru woman, Bobbi is spending NAIDOC Week with her kids and giving back to her community.

#GetUpStandUpShowUp

Photo of @bobbilockyer by @skyelockyer",7/8/2022 21:06,401050
instagram,"When he was a senior in high school, @feek____ (Taofeek Abijako) founded the fashion design house @headofstate_ out of his bedroom. â€œIâ€™d never thought about myself being a fashion designer. As I gravitated more towards fashion, that brought back early memories.â€

Those memories are from his fatherâ€™s small fashion design studio in Lagos, Nigeria, where Taofeek tagged along. He was captivated by the community his father had built and his design process. â€œWhat I did was sketch the activities that were happening in the space itself. And thatâ€™s actually how I learned garment construction. I was remaking what was in front of me. I didnâ€™t know I was training my brain as a designer.â€

Six years later, the ethos of the brand that Taofeek dreamed up remains. â€œItâ€™s easy to sort of move away from your original intention. I will say what Iâ€™m most proud of is the same reason I started a brand still exists today,â€ says Taofeek.

Instagram and the @brooklynmuseum are launching the 2022 #BlackVisionaries program to empower, center and invest in emerging Black creative communities. Last year, @headofstate_ was awarded the Visionary Small Business Grant. Learn more about the program and how to apply in todayâ€™s story.
 
Photo of @feek____ by @elias.williams",6/28/2022 18:20,284020
instagram,"â€œTo me, freedom is and should be understood as an expansive term,â€ says @zysaidso (Zyahna Bryant), who is an organizer, passionate about amplifying the stories and experiences of those who are traditionally and historically excluded. This Juneteenth, she is focusing on what freedom feels and looks like to her. â£
â£
â€œUnfortunately, rest is a luxury, but it is also a political necessity. My goal with my work and as I reflect on Juneteenth is to center rest and regeneration for those who need it the most. Iâ€™d argue that the only other thing that is perhaps better than self-care is community care. Itâ€™s the love, the energy, the accountability that we receive from being in space with those who love us, with those who have a shared goal for the future. For those who are just learning and just figuring it out, that is the beautiful part about being in community. That is the beautiful part about struggling toward collective liberation and collective and comprehensive freedom.â€â£
â£
Photo by @zysaidso",6/19/2022 20:34,431158
instagram,"18-year-old visual artist @dianasinclair (Diana Sinclair) is a rising star in the NFT world. â€œI see my work as a celebration of identity, often that being Blackness. Growing up, I didnâ€™t see many visuals that I felt represented in, and I wanted to create art and imagery that represented people who look like me.â€
 
Diana works to educate and introduce Black people to NFTs, and crypto in general. Last June, as a bigger manifestation of that goal, she curated â€œThe Digital Diaspora,â€ one of the first events of its kind. â€œWhen I started in the NFT community over a year ago, it was clear that Black art or anything representing visible Blackness was not nearly as valued as the art that didnâ€™t. The project created safe space for Black artists in Web3 where there was none. Besides being amongst the first examples of curation in the space, or a pioneer for the NFT party format, it was monumental because it was the first exhibition highlighting Black artists in Web3.â€ The show returns this Juneteenth in collaboration with photographer @driftershoots (Isaac â€œDriftâ€ Wright). Diana plans to make it an annual event.
 
â€œNFTs have helped display what a democratized art market could be like. The ethos of the space has typically been to support the creator and the community, so Iâ€™ve seen so much more artist advocacy than I have in other industries. I view myself as a visual artist that mints NFTs, because NFTs themselves are another form of sharing and selling my work. But I donâ€™t set out to â€˜make an NFT.â€™ I set out to make art.â€
 
Photograph of @dianasinclair by @driftershoots",6/11/2022 16:05,326394
cristiano,"ğŸ•ğŸğŸ ğœğ¥ğ®ğ› ğ ğ¨ğšğ¥ğ¬. 
What a beautiful number weâ€™ve achieved together!
Thank you to all my teammates, coaches, clubs, family & friends and of course my fans.
United we continue! ğŸ™ğŸ½",10/10/2022 11:03,4744913
cristiano,Well done lads!ğŸ’ªğŸ½ #mufc,10/6/2022 22:05,4304767
cristiano,"Como sempre, amanhÃ£ contamos com o vosso incansÃ¡vel apoio! Vamos Portugal! ğŸ‡µğŸ‡¹ğŸ™ğŸ½ğŸ’ªğŸ½",9/26/2022 21:02,8494265
cristiano,"Grande jogo, importante vitÃ³ria equipa! Continuamos focados no nosso objetivo ğŸ™ğŸ½ğŸ’ªğŸ½
Obrigado ao pÃºblico portuguÃªs pelo apoio fantÃ¡stico.ğŸ‘ğŸ½ğŸ‡µğŸ‡¹â¤ï¸",9/24/2022 21:36,6031529
cristiano,Preparados para amanhÃ£! ğŸ‡µğŸ‡¹ğŸ™ğŸ½ğŸ’ªğŸ½ #vesteabandeira,9/23/2022 21:50,6201172
cristiano,Feliz por estar de volta a casa! ğŸ˜€ğŸ‡µğŸ‡¹ğŸ™ğŸ½,9/21/2022 16:06,5998640
cristiano,"Um orgulho vencer o prÃ©mio de melhor marcador de seleÃ§Ãµes pelo PaÃ­s que amo! 
Uma vez mais obrigado a todos os meus companheiros de equipa, treinadores, minha famÃ­lia, amigos e todos os meus fÃ£ns que me ajudaram a alcanÃ§ar esta grande conquista! 
Juntos vamos continuar a bater todos os recordes possÃ­veis! 
Obrigado #Portugal ğŸ‡µğŸ‡¹â¤ï¸ğŸ™ğŸ½",9/20/2022 22:45,7822272
cristiano,"Turn negatives into incentives.
Turn sins into wins.
#DEARYS7NS #cr7underwear",9/19/2022 10:51,5833453
cristiano,Recovery session ğŸ’ªğŸ½,9/17/2022 10:46,6007097
cristiano,"Happy to score and help the team win! 3 important points! 
Well done lads ğŸ‘ğŸ½ğŸ’ªğŸ½ #mufc",9/15/2022 19:42,5410031
kyliejenner,#fashionweek,10/1/2022 14:39,2533886
kyliejenner,rise and shine,9/19/2022 16:44,9535941
kyliejenner,"CRğŸ’š

Thank you @carineroitfeld @vladimirrestoinroitfeld @edouardrisselet",9/15/2022 17:01,5514659
kyliejenner,youâ€™ve been krissed. our brand new collection is available NOW!! ğŸ¸ KylieCosmetics.com @kyliecosmetics,9/14/2022 14:55,1753941
kyliejenner,your favorite mother daughter duo checking in ğŸ–¤ the kris collection launches on 9.14 @kyliecosmetics ğŸ«’,9/12/2022 15:43,3925277
kyliejenner,new favorite red for the holidays â¤ï¸ iâ€™m obsessed with our Matte Lip Crayon formula so iâ€™m excited @krisjenner made this beautiful orange-red launching in her collection on 9.14! ğŸ«’ @kyliecosmetics,9/11/2022 16:43,4961530
kyliejenner,iconic. the KRIS COLLECTION launches September 14th ğŸ¸ğŸ«’ @kyliecosmetics,9/9/2022 19:12,2100964
kyliejenner,Kris Collection round 2 ğŸ¸ 9.14 @kyliecosmetics @krisjenner,9/4/2022 17:23,2786518
kyliejenner,thank you to the entire @ultabeauty team for such a perfect night celebrating @kyliecosmetics ğŸ’“,8/25/2022 18:37,1819867
kyliejenner,,8/7/2022 2:17,4418700
leomessi,"Si venÃ­s a vernos al Mundial, y querÃ©s vivir una autÃ©ntica experiencia de Arabia, no te pierdas todo lo que estÃ¡ pasando en SaudÃ­!
MÃ¡s vuelos, mÃ¡s ofertas, mÃ¡s experiencias. VisitSaudi.com

If you are coming to watch the World Cup, and you want to have an authentic Arabian experience. Donâ€™t miss out on everything Saudi is offering!
More flights, more deals, more experiences. Feel More of Arabia. VisitSaudi.com",10/7/2022 12:32,2904457
leomessi,,9/27/2022 2:03,4279020
leomessi,,9/25/2022 16:00,4507025
leomessi,,9/24/2022 16:24,3926131
leomessi,"Un genio, Ãºnico en la historia del tenis y un ejemplo para cualquier deportista. Lo mejor en tu nueva etapa, extraÃ±aremos verte en la cancha haciÃ©ndonos disfrutar, @rogerfederer.",9/15/2022 21:08,3678578
leomessi,,8/23/2022 17:16,6370751
leomessi,"Quiero hacerles llegar un saludo muy especial y un fuerte abrazo a las niÃ±as y niÃ±os de Argentina en este dÃ­a de agosto que se celebra el DÃ­a de la NiÃ±ez. Disfruten de esta etapa maravillosaâ€¦ Y como estamos en un aÃ±o de Mundial, les propongo una idea: si quieren, pueden lookearse con los colores celeste y blanco y mandarnos, a travÃ©s del @sancorsegurosar, un mensaje de aliento para la selecciÃ³n. Un abrazo a todos!!!",8/21/2022 18:34,3039766
leomessi,,8/16/2022 13:13,5142085
leomessi,"ConseguÃ­ el ""Premium Ambassador Packâ€ de KONAMI @efootball 2022 para tener una de las cards ediciÃ³n limitada de mi colecciÃ³n.
Â 
Get the KONAMI @efootball 2022 â€œPremium Ambassador Packâ€ and obtain one of the limited edition cards from my collection.

#eFootball #FreeToPlay",7/16/2022 17:40,2610528
leomessi,"El juego de Konami eFootballTM 2022 se puede jugar gratis desde videoconsolas y en dispositivos mÃ³viles. Espero que lo disfruten tanto como yo. #eFootball #FreeToPlay
 
The Konami @efootball 2022 game can be played for free on video consoles and mobile devices. I hope you enjoy this as much as I do.
#eFootball #FreeToPlay",6/30/2022 10:00,1854778
selenagomez,The trailer for My Mind & Me is coming Monday. Iâ€™m a little nervous but also excited to share this side of me with you all. ğŸ¤ @appletvplus,10/7/2022 16:19,1882505
selenagomez,Selena + Chef Malibu vibe. New episodes today!,8/25/2022 16:01,2527900
selenagomez,This is only the beginning for @officialwondermind and our mission to democratize and destigmatize mental health. Thank you to everyone who has been so supportive and I canâ€™t wait for you all to see whatâ€™s coming next! ğŸ–¤ #letswondermind,8/11/2022 16:06,674808
selenagomez,"FINALLY can say it! @RareBeauty is now available at @SephoraBrasil

This has been a dream of mine and I'm forever grateful for your support. I'm so excited to see allÂ of the looks you create with my new Kind Words Lip Collection!",8/2/2022 23:30,1909864
selenagomez,These fools are back!! @onlymurdershulu season 2 is now streaming-so happy its out,6/28/2022 22:07,2100345
selenagomez,@rarebeauty,6/23/2022 18:27,3079917
selenagomez,"just another Friday (or Saturday) with these two funny guys 

Thank you @VanityFair
Photographer @nickrileybentham 
Stylist @chapoteau
Hair @hairbyorlandopita
Makeup @hungvanngo
Manicure @julieknailsnyc
Set Design @anthonyasarosetdesign 
Produced by @preisscreative",5/21/2022 3:24,2863606
selenagomez,This month @officialwondermind has placed posters all around NYC as a reminder that you are not alone â™¥ï¸,5/20/2022 15:20,1366387
selenagomez,Momâ€¦I think Iâ€™ve made it ğŸ˜­ so grateful and so excited. See you May 14!!!,5/6/2022 18:24,2216123
selenagomez,"Living in my Rare Impact sweatshirt.â¤ï¸Â Created in honor of Rare Impact by @RareBeautyâ€™s â€œYourÂ Words Matterâ€ educational campaign to inspire andÂ educate on the power and influence of your words.
â€‹â€¨100% of net proceeds support the Rare Impact Fund â€“ ourÂ commitment to giving young people access to theÂ resources they need to support their mental health.Â Available for a limited time only onÂ RareBeauty.com",5/2/2022 16:20,2457497
therock,"Day 3. 
Smilinâ€™ and runninâ€™ on fumes. 
Very long work hours - LFG ğŸ’ªğŸ¾
#BlackAdamâš¡ï¸
#GlobalPressJunket 
#ManInBlack 

@flanneryunderwood ğŸ“¸",10/9/2022 7:05,1212587
therock,"Day 1. 
Pressure. 
Letâ€™s work. 
#GoingBackToCali 
#GlobalPressJunket
#BlackAdamâš¡ï¸

@flanneryunderwood ğŸ“¸",10/7/2022 6:32,1031932
therock,"Tears of joy and gratitude. 

Ainâ€™t nothing wrong with that, brother. 

Appreciate the love. 
Love U back. 

~ dj ğŸ–¤

#BlackAdamWorldTour ğŸŒ
#MexicoCity ğŸ‡²ğŸ‡½
#ManInBlack âš¡ï¸

@flanneryunderwood ğŸ“¸",10/5/2022 6:43,546477
therock,"Man, I feel it. 

Love & mana is strong. 

Thank you Mexico ğŸ‡²ğŸ‡½ 
I love U back ğŸ–¤

#BlackAdamWorldTour ğŸŒ
#MexicoCity ğŸ‡²ğŸ‡½
#ManInBlack âš¡ï¸

@flanneryunderwood ğŸ“¸",10/5/2022 6:16,416368
therock,"One of my love letters to pro wrestling premieres TONIGHT! 

Our NEW @SevenBucksProd x @ViceTV series, #TalesFromTheTerritories has arrived. 

The insane and dangerous stories of pro wrestling's greatest eras, told by pro wrestlingâ€™s greatest legends themselves. 

TONIGHT at 10PM.
Only on @VICETV",10/5/2022 1:37,306548
therock,"GREAT training session here in Mexico City ğŸ‡²ğŸ‡½ğŸ’ªğŸ¾ğŸ’ªğŸ¾

High altitude (approx 7,400 ft) pushed my lung capacity - which is a good thing and kicked my body into another state. 

Muchos Gracias mi amigos @sportsworldmex for all the love, being so kind and giving me my space to train. 

Now the work beginsâ€¦ 

Canâ€™t wait!! 

#BlackAdamWorldTour 
#PressJunket
#MexicoCity ğŸ‡²ğŸ‡½ğŸ¥ƒ",10/3/2022 17:14,933552
therock,"ğŸ âœ–ï¸ âš¡ï¸

#AaronDonaldTraining
#BlackAdamTraining 
@aarondonald99 
@rams
#99 #54",10/1/2022 2:55,1095176
therock,"Pumped to announce our BLACK ADAMâš¡ï¸ GLOBAL TOUR begins. 

This has been my 10 year+ passion project and no better way to release it to the world - than by touring the world to connect with all of you again. 

Every city, every country, all of YOU â€” itâ€™s going to be ELECTRIFYINGâš¡ï¸âš¡ï¸âš¡ï¸

Thank you all so much for the early excitement and hype. 

BLACK ADAMâš¡ï¸ & THE JSA canâ€™t wait to deliver.

Up firstâ€¦

MEXICO CITY ğŸ‡²ğŸ‡½ 
NYC ğŸ‡ºğŸ‡¸ 
TORONTO ğŸ‡¨ğŸ‡¦ 
ATLANTA ğŸ‡ºğŸ‡¸ 
MIAMI ğŸ‡ºğŸ‡¸ 
LONDON ğŸ‡¬ğŸ‡§ 
MADRID ğŸ‡ªğŸ‡¸ 
LOS ANGELES ğŸ‡ºğŸ‡¸ 

#BlackAdamâš¡ï¸
#JSA
#BlackAdamGlobalTour ğŸŒ",9/28/2022 2:35,939010
therock,"One of my fav people on the planet - our YOUNG ROCK creator and director â€” Nahnatchka  Khan. 

Sheâ€™s a gifted and hungry storyteller who will always deliver QUALITY, LAUGHS & HEART. 

Hereâ€™s some crazy facts - her brother, is my good buddy Nick Kahn - who is the the co-CEO of WWE. 
Me, Nanatchka and Nick were running around the same pro wrestling shows when we were kids back in the 80s when we all lived in Hawaii together. 

Years laterâ€¦.. here we are all together again in this capacity. 

I think season 3 of YOUNG ROCK may very well be our best season yet. 

And I have this woman, Nahnatchka to thank for that. 

#YoungRock
#Season3
#JohnsonKahn 
#2032 ğŸ‡ºğŸ‡¸ğŸ˜‰ 
@sevenbucksprod 
@NBC

@flanneryunderwood ğŸ“¸",9/24/2022 4:39,899625
therock,"I love me some quiet corners. 
On set. 
Working late. 
#YoungRock 
#Season3 
@sevenbucksprod 
@NBC 

@flanneryunderwood ğŸ“¸",9/23/2022 18:01,684677
arianagrande,God Is A Woman Body is now available in stores + online at @ultabeauty ğŸ«§ â™¡ ğŸŒ±,8/28/2022 15:00,4758851
arianagrande,"chapter three @r.e.m.beauty out now rembeauty.com ï½¥ï¾Ÿï½¡â™¡ 
ğŸŒ‘ ï½¡ï¾Ÿï½¥",6/16/2022 13:00,5039720
arianagrande,chapter two out now @r.e.m.beauty ã€°ï¸,3/21/2022 13:00,4097271
arianagrande,â€¦ @r.e.m.beauty,3/13/2022 17:15,5611009
arianagrande,,2/13/2022 18:10,6657892
arianagrande,"please do me a favor and follow these incredible artists to keep up with their work !
@jimallenmusic
@speaknowsasha
@hollyforbesmusic
@musicbyryleigh
@belladenapoli
@katie_rae333
@kkmohler
@groovyraq
@vaughn.mugol 
@davidlvogel
@chavonrodgers 
@mannykeith 
@officialhaileymia
@sophiiabromberg
@kck3music",12/8/2021 3:19,1332729
arianagrande,@r.e.m.beauty,11/11/2021 18:56,1398052
arianagrande,"tonight @nbcthevoice !!!! as we head into the live shows tonight, please make sure youâ€™ve downloaded the @nbcthevoice app or are ready to go to nbc.com/voicevote to vote for #TeamAriana ! see you soon ğŸ§šğŸ¼â€â™‚ï¸",11/8/2021 16:41,2892552
arianagrande,,11/4/2021 15:06,10967939
arianagrande,november @r.e.m.beauty,10/28/2021 14:41,6790913
kimkardashian,"Now Available: @SKKN Home Accessories. Reimagine the home into a serene, clutter-free oasis with accents crafted from sculpted concrete â€” available exclusively at SKKNBYKIM.COM",10/6/2022 16:00,282790
kimkardashian,Iâ€™m excited to be a part of Hillary Clinton and Chelsea Clintonâ€™s incredible journey to find out what it truly means to be gutsy! Stream the docuseries now on @appletvplus @hillaryclinton,9/16/2022 14:51,1450039
kimkardashian,ğŸ‡ºğŸ‡¸ Interview Mag ğŸ“¸ @nadialeecohen,9/15/2022 16:23,966965
kimkardashian,"ğŸš¨ RESTOCK ALERT ğŸš¨ For everyone who missed the first run, we brought my @beatsbydre Beats Fit Pro collection back for a limited time. Moon, Dune and Earth will be available 9/15.",9/13/2022 17:02,711645
kimkardashian,Iâ€™m obsessed with our @skkn Night Oil. Iâ€™m going to show you guys a little treatment Iâ€™ve been doing for to help with my psoriasis soon,9/8/2022 17:23,321567
kimkardashian,ğŸ®,8/22/2022 0:28,1256271
kimkardashian,BFFAE best friends forever and ever,8/4/2022 17:23,2195208
kimkardashian,Summer 96â€™,7/28/2022 13:41,2591927
kimkardashian,"Take a picture, it lasts longer",7/23/2022 1:40,1331969
kimkardashian,"New @skims Soft Smoothing Seamless campaign and fashion show styled by @carineroitfeld. Dropping today at 9AM PT / 12PM ET.

Photo: @indiana420bitch",7/19/2022 13:48,733767
beyonce,,10/5/2022 11:47,2256267
beyonce,"act iÂ Â Â Â  RENAISSANCEÂ Â Â Â Â  7.29

Creating this album allowed me a place to dream and to find escape during a scary time for the world. It allowed me to feel free and adventurous in a time when little else was moving. My intention was to create a safe place, a place without judgment. A place to be free of perfectionism and overthinking. A place to scream, release, feel freedom. It was a beautiful journey of exploration. I hope you find joy in this music. I hope it inspires you to release the wiggle. Ha! And to feel as unique, strong, and sexy as you are.",6/30/2022 16:02,4624056
beyonce,BREAK MY SOUL  out now,6/21/2022 5:11,1749243
beyonce,British Vogue July 2022,6/20/2022 13:15,1115972
beyonce,British Vogue July 2022,6/20/2022 13:10,1510070
beyonce,British Vogue July 2022,6/20/2022 13:05,1098008
beyonce,British Vogue July 2022,6/20/2022 13:00,1551471
beyonce,British Vogue July 2022,6/16/2022 13:30,1408232
beyonce,British Vogue July 2022,6/16/2022 13:25,1155604
beyonce,British Vogue July 2022,6/16/2022 13:15,1389095
justinbieber,Happy anniversary to my best friend and wifey @haileybieber .. thanks for making me better in every way ğŸ˜ğŸ˜â™¥ï¸â™¥ï¸,9/14/2022 1:23,3303895
justinbieber,Baby iris for the win â™¥ï¸â™¥ï¸â™¥ï¸,8/22/2022 22:52,1889772
justinbieber,Crowd was crazy last night,8/4/2022 8:21,1005116
justinbieber,GOOD MORNING FROM THE BIEBER FAMILY,8/3/2022 11:49,4784324
justinbieber,Get out there and show your support for Tims Camp Day. @timhortons @timhortonsUS #collab,7/13/2022 16:39,447025
justinbieber,,6/19/2022 17:59,1523412
justinbieber,Happy Juneteenth,6/19/2022 14:56,466851
justinbieber,Love you pops! Happy Fatherâ€™s Day! So much to look forward to. Best is still ahead of us! Honored to be your son.,6/19/2022 13:41,1588465
justinbieber,@diddy and @brysontiller new single out now on all streaming platforms! #GottaMoveOn CONGRATS BIG BRO,6/17/2022 16:43,510726
justinbieber,"happy birthday @kanyewest. Your art has moved me in ways noone elses has. Your taste and style has helped shape the artist I am today. Thank you for inspiring me to be confident in the things I want to create.. thank you for your public adoration for Jesus and what he means to you. No one will ever know how it feels to be Kanye West, the barriers you have broken as a black man in multiple industries that Iâ€™ll never understand, the struggles and the pressures of being the leader that you are, but you are a leader amongst leaders and I am honored to know you and call you a friend.",6/9/2022 1:53,1703209
kendalljenner,"i ğŸ¤ @thepopmag 
issue 47 by @carlijnjacobs",9/7/2022 18:28,1539984
kendalljenner,"i ğŸ’š @thepopmag 
issue 47 by @valentinherfray",9/7/2022 18:00,1173606
kendalljenner,"i â¤ï¸ @thepopmag 
issue 47 by @stevie_dance",9/7/2022 17:43,1237573
kendalljenner,@wmag 50th anniversary issue by @rafaelpavarotti_,9/6/2022 15:53,1446051
kendalljenner,honored to be a part of @wmag 50th anniversary issue by @rafaelpavarotti_,9/6/2022 15:53,827882
kendalljenner,@wmag 50th anniversary issue by @rafaelpavarotti_,9/6/2022 15:52,1234734
kendalljenner,@jimmychoo fall 2022 by @carlijnjacobs,9/1/2022 15:36,2240358
kendalljenner,Meet Eight Reserve by 818. Our new AÃ±ejo Reserve. Learn more and order now at eightreserve.com,8/18/2022 23:26,1404770
kendalljenner,Iâ€™m so excited to introduce Eight Reserve by 818. Our new AÃ±ejo Reserve is out. Learn more now at eightreserve.com,8/18/2022 23:21,2434432
kendalljenner,:),5/31/2022 1:41,5742304
natgeo,"Photo by @amivitale | Orphaned elephant calves tussle and play at Reteti Elephant Sanctuary (@r.e.s.c.u.e). Researchers have found that the close bonds these orphans forge with one another help defray the stress of being separated from their mothers and herds. Young orphaned elephants living with peers or other family members, such as aunts, cousins, or siblings, had stress hormone levels comparable to young elephants living with their mothers. To learn more, read the article â€œFor orphaned elephants, friends may be key to stress relief,â€ and follow @amivitale. #elephants #conservation #kenya #africa #babyanimals",10/10/2022 13:30,69613
natgeo,"Photo by @estherhorvath | Biologist Nicole Ottawa and photographer Oliver Meckes, along with ranger Charly Ebel (in green), collect moss, slime mold, and other organisms from dead wood in the â€œcore zoneâ€ of Germanyâ€™s Black Forest National Park. The samples are then photographed using a scanning electron microscope in Ottawa and Meckesâ€™s lab, part of their Eye of Science project. Please follow @estherhorvath for more stories. This photo was taken on assignment for National Geographicâ€™s September issue: â€œMeet the marvelous creatures that bring soil to life.â€",10/9/2022 21:00,57952
natgeo,"Photo by Charlie Hamilton James @chamiltonjames | The sun rises over the London skyline, as seen from a rooftop in the Mayfair district. While London may have fewer skyscrapers than other global cities, its skyline is iconic. This view (at right) shows the London Eye, a tourist attraction by the River Thames, and the Shard, a contemporary, 72-story building.",10/8/2022 21:00,155542
natgeo,"Photo by @gabrielegalimbertiphoto | This is Naya, 3, in Cahuita, Costa Rica. Wherever I travel in the world, I take portraits of children with their favorite playthings for my ongoing Toy Stories project. In visiting over 60 countries, I've recorded the genuine joy that unites kids despite their diverse backgrounds. Whether the child owns a veritable fleet of miniature cars or a single stuffed monkey, the pride they have is moving, funny, and thought-provoking. Follow me @gabrielegalimbertiphoto for more photos and stories. #toys #child #kid #toy #toystories #play",10/8/2022 16:00,79292
natgeo,"Photo by @beverlyjoubert | So much curiosity and wide-eyed wonder in that feline face. And yet the wilderness that stands to be explored and ruled over by these top predators shrinks with every passing year. Africaâ€™s lions have been eradicated from 90% of their historic range due to poaching, habitat loss, and conflict with humans. In the pockets of sub-Saharan Africa where they still maintain strongholds, their future is increasingly uncertain. Protecting and expanding space for lions to roam safely has been at the heart of my conservation work for decades. Itâ€™s simply impossible to imagine an Africa without them. 
#lions #bigcatconservation #wildlife #bigcatsofinstagram",10/8/2022 13:30,135233
natgeo,"Photo by Robbie Shone @shonephoto | In a place known as Secret Chamber within the Cave of the Winds, in Gunung Mulu National Park on Malaysian Borneo, scientists Stacy Carolin and Stein-Erik Lauritzen install a drip logger. The device will remain here for several years, collecting and recording every drip that falls from the stalactite above, which in turn is related to how the stalagmite grows below. It's part of a project to reconstruct the ancient tropical climate.",10/7/2022 21:00,58371
natgeo,"Read the full story at the link in bio.

Centuries after a noblewoman lived and died in Peru, scientists have reconstructed her face in stunning 3-D.

Photograph by Oscar Nilsson",10/7/2022 18:30,329141
natgeo,"Photo by Orsolya Haarberg @fjellheimengalleri | A high-altitude view of northern Swedenâ€™s Sarek National Park shows mountain hills and valleys covered with birches. These trees are scraggly, crooked, and extremely hardy. In September, when the first frosts arrive, the forest seems to be on fire with bright colors from the tree leaves. But overnight a storm can blow them away, leaving the woods naked and gray. Please follow @fjellheimengalleri for more images, primarily from the Nordic countries. #sarek #rapadelta #nammatj #landscapephotography #autumn #sweden #birchforest",10/7/2022 16:00,170395
natgeo,"Photo by @nataliekeyssar | Danny Verdugo and Nayeli Uguna pose for a portrait in Flushing Meadows Park, in Queens. The image was taken at a photo booth on Roosevelt Avenue, the main thoroughfare in Queens, a borough of New York City and  one of the world's most diverse and vibrant communities where over 300 languages are spoken.",10/7/2022 13:30,136997
natgeo,"Photo by Prasenjeet Yadav @prasen.yadav | A snow leopard locks eyes with a camera trap while making a scrape mark, a communication tool among the cats. Snow leopards scrape their back legs in loose soil, leaving a small depression with a mound of soil adjacent. Along with field researchers of @snowleopardtrust, I scouted the Himalaya mountains looking for  locations to set up camera traps. These scrapes as well as urine spray marks were good signs of how frequently the snow leopards visit a particular location. On average, snow leopards visit this ridge once a month. Follow me @prasen.yadav for more photos from India.",10/6/2022 21:00,443402
taylorswift,What keeps you up at night? Only 13 more sleepless nights before Midnights (and its 13 stories) ğŸŒŒâœï¸,10/7/2022 8:03,2969545
taylorswift,"Wowâ€¦ it felt great to play in Nashville last night. ğŸ¥¹ Thank you @nsaiofficial and @theryman, @catherinepowell for taking this photo, and all the fans who showed up and screamed the words to all ten minutes of All Too Well.",9/21/2022 13:58,2855310
taylorswift,"This Love (My version!) is out & Iâ€™m currently reliving the 1989 tour in my head and spiraling, itâ€™s fine",5/6/2022 4:03,4498084
taylorswift,"Shot on 35mm film with cinematography by the brilliant @the_rinayang. Plan your watch parties or grab your blanket and curl up into a ball. However you want to watch All Too Well The Short Film, itâ€™ll be out tomorrow on YouTube at 7pm Eastern. ğŸ¥²",11/11/2021 13:34,4019359
taylorswift,"I know some of you thought that would be like trying to solve a crossword and realizing thereâ€™s no right answer BUTâ€¦you played it good & right. Congrats pals, you guessed the correct titles and feature artists on Red (my version). The vault tracks will feature @chrisstapleton, @phoebebridgers, @markfoster and the first song @teddysphotos and I ever wrote together the first time we met in 2012â—ï¸I canâ€™t express my gratitude enough to these artists for helping me bring these songs to life. I canâ€™t wait til we can dust off our highest hopes and relive these memories together. Weâ€™ll also be making a bunch of new ones too, since Red (Taylorâ€™s Version) includes so many songs you havenâ€™t heard yet. Til then, Iâ€™ll be counting down and picturing it all in my head. In burning red. 

Red (Taylorâ€™s Version) out November 12. Pre-order now",8/6/2021 14:00,2741097
taylorswift,"You wouldnâ€™t be the first renegade to need somebody ğŸŒ¹ 

Collage by @grahamtlbrtfoto
Photo by James Reynolds",7/2/2021 19:03,1669211
taylorswift,We meet up every Tuesday night for dinner and a glass of wine ğŸ·,5/11/2021 23:17,2643093
taylorswift,"It was the night things changed. Fearless (Taylorâ€™s Version) is out now ğŸ’›

ğŸ“·: @austinkingsleyswift",4/9/2021 4:20,3789172
taylorswift,"You cracked the codes and guessed all the From The Vault titles. ğŸ‘ğŸ‘ğŸ‘ 

Hereâ€™s the full track list, my friends. Iâ€™m really honored that @keithurban is a part of this project, duetting on Thatâ€™s When and singing harmonies on We Were Happy. I was his opening act during the Fearless album era and his music has inspired me endlessly. Iâ€™m counting down the minutes til we can all jump into this brave world together, filled with equal parts nostalgia and brand newness.
 
Head first, Fearless ğŸ’›

ğŸ“·: Beth Garrabrant",4/3/2021 16:00,2393341
taylorswift,"You All Over Me (feat. @marenmorris) (From The Vault) and Love Story (Taylorâ€™s Version) - Elvira Remix are out now because in this house we dance and cry at the SAME TIME ğŸ’›ğŸ˜­ğŸ’ƒ

ğŸ“·: Beth Garrabrant",3/26/2021 4:06,2456464
virat.kohli,Love the preparation phase ğŸ«¶,10/9/2022 7:47,2467542
virat.kohli,"Happy birthday Hulk. God bless you. ğŸ˜ 
@buntysajdeh",10/6/2022 5:40,3992526
virat.kohli,Australia bound âœˆï¸. Exciting times ahead. âœŒï¸ @yuzi_chahal23 @harshalvp23,10/5/2022 21:31,4850449
virat.kohli,"A strong start ğŸ‡®ğŸ‡³ğŸ‡®ğŸ‡³
Next up: Guwahati",9/28/2022 18:44,3250755
virat.kohli,"Who thought rivals can feel like this towards each other. Thatâ€™s the beauty of sport. This is the most beautiful sporting picture ever for me ğŸ™Œâ¤ï¸ğŸ«¶ğŸ¼. When your companions cry for you, you know what youâ€™ve been able to do with your god given talent. Nothing but respect for these 2. @rogerfederer @rafaelnadal",9/24/2022 6:15,3129981
virat.kohli,"Ready for the festive season? ğŸ’« Not without India's BIGGEST Fashion Dhamaka! The @Myntra Big Fashion Festival ğŸ›ï¸ goes live from 23rd Sept to 2nd Oct, bringing you 50% to 90% Off on your fave styles! ğŸ’¥ Myntra Insiders, y'all hit a six, coz the sale is already LIVE exclusively for YOU. Insiders also get up to 25% Extra Off* + First-time shoppers get upto Rs. 400 Off & Free Shipping during Myntra BFF. Enjoy Exciting Deals on International brands & Festive selections, Celeb loved curations, Craziest rewards and gifting choices from @Myntra ğŸ¥°
If you never try, youâ€™ll never know, so Go For It - download the Myntra app and get, set, shop! ğŸ›ï¸
#MyntraBIGFashionFestival #IndiasBiggestFashionDhamaka #MyntraGoForIt #ViratKohliStyledByMyntra #ad #paidpartnership",9/22/2022 4:40,1292593
virat.kohli,ğŸ’«,9/17/2022 15:35,5047565
virat.kohli,Beautiful mornings ğŸ«¶ğŸ¼ğŸ˜ğŸ’«,9/13/2022 8:47,5190503
virat.kohli,My ğŸŒâ¤ï¸,9/2/2022 10:36,5596949
virat.kohli,Being this manâ€™s trusted deputy was the most enjoyable and exciting period in my career. Our partnerships would always be special to me forever. 7+18 â¤ï¸,8/25/2022 17:51,4607883
nickiminaj,I have 9 cards in my hand. #TheFINE9 #LikkleMiss REMIX OUT NOW!!!!!!!!!!!,10/6/2022 1:29,2177437
nickiminaj,Ayo PHILLY!!!!!! Stand TF UP!!!!! Philly was one of my biggest markets from since the very beginning of my career. Pull up my album signing in Philly maybe over 10 years ago. ZOO!!!!!! ğŸˆğŸˆğŸˆğŸˆ@power99philly this shit gon be â˜ï¸ for ğŸ“š. Yâ€™all betta get them tkts in the first 5 minutes!!!!! WOO WEE!!!!!! ğŸ˜ğŸ”¥ğŸ”¥ğŸ”¥ğŸ”¥ğŸ”¥ğŸ”¥ğŸ”¥ğŸ”¥ğŸ”¥ğŸ”¥ğŸ”¥ğŸ”¥ğŸ”¥ğŸ”¥ğŸ”¥ğŸ”¥ğŸ”¥ğŸ”¥ğŸ”¥ğŸ”¥ğŸ”¥ğŸ”¥ğŸ”¥ğŸ”¥ğŸ”¥ğŸ”¥ğŸ”¥ğŸ”¥ğŸ”¥â™¥ï¸â™¥ï¸â™¥ï¸â™¥ï¸â™¥ï¸â™¥ï¸â™¥ï¸â™¥ï¸ LOVE YALL SO FKNG MUCH. SEE YOU SOONğŸ˜˜,9/13/2022 21:26,210857
nickiminaj,Nicki running the game right now ğŸ¦„  #TTH,9/10/2022 17:37,226153
nickiminaj,We on. look in my stories if you donâ€™t know how to listen to the show. Tonight you can live comment under this post ğŸ‘‘ğŸ“»ğŸ”¥ğŸ”¥ğŸ”¥ğŸ”¥ğŸ”¥ğŸ”¥ğŸ”¥ğŸ”¥ğŸ”¥ğŸ”¥ğŸ”¥ğŸ”¥ğŸ”¥ğŸ”¥ğŸ”¥ğŸ”¥ğŸ”¥ğŸ”¥ğŸ”¥ğŸ”¥ğŸ”¥ğŸ”¥,9/9/2022 4:04,164350
nickiminaj,"ğŸ”– I might premier the SUPER FREAKY GIRL #QueenMix on #QueenRadio tomorrow. Lemme think ğŸ’­ 
8pm PST ğŸ“ 11PM EST 
ğŸ†ğŸ†ğŸ†ğŸ†ğŸ†ğŸ”¥ğŸ”¥ğŸ”¥ğŸ”¥ğŸ”¥ğŸ”¥ğŸ”¥ğŸ”¥ğŸ”¥ğŸ”¥ğŸ”¥ğŸ”¥ğŸ”¥ğŸ”¥ğŸ”¥ğŸ”¥ğŸ”¥ğŸ”¥ğŸ”¥ğŸ”¥ğŸ”¥ğŸ”¥ğŸ”¥ğŸ”¥ğŸ«£ğŸ§¯ğŸ§¯ğŸ§¯ğŸ§¯ğŸ§¯ğŸ§¯ğŸ§¯ğŸ§¯ğŸ§¯ğŸ§¯",9/7/2022 23:04,594167
nickiminaj,Dolce & Gabbana BARBIE ğŸ‘…ğŸ€ #VMAS,8/29/2022 3:39,760257
nickiminaj,ğŸ€,8/28/2022 7:16,563301
nickiminaj,#QueenRadioVolume1 THE ALBUM. OUT NOW ğŸ€ Adding a surprise on it tomorrow âœ¨,8/26/2022 5:07,572023
nickiminaj,WAKE TF UP!!!!!! LINK IN MY BIO!!!!!! #SuperFreakyGirl #ROMANRemix ğŸ‘…ğŸ‘…ğŸ‘…ğŸ‘…ğŸ‘…ğŸ‘…ğŸ‘…ğŸ‘…ğŸ‘…ğŸ‘…ğŸ‘™ğŸ‘™ğŸ‘™ğŸ‘™ğŸ‘™ğŸ‘™ğŸ‘™ğŸ‘™ğŸ‘™ğŸ‘™ğŸ‘™ğŸ‘™ğŸ’ğŸ’ğŸ’ğŸ’ğŸ’ğŸ’ğŸ’ğŸ’ğŸ’ğŸ’ğŸ’ğŸ’ğŸ’ğŸ’ğŸ’ğŸ’ğŸ’ğŸ’ğŸ€ğŸ€ğŸ€ğŸ€ğŸ€ğŸ€ğŸ€ğŸ€ğŸ€ğŸ€ğŸ€ğŸ€ğŸ€ğŸ’•ğŸ’•ğŸ’•ğŸ’•ğŸ’•ğŸ’•ğŸ’•ğŸ’•ğŸ’•ğŸ’•ğŸ’•ğŸ˜˜ğŸ¦„ğŸ¦„ğŸ¦„ğŸ¦„ğŸ¦„ğŸ¦„ğŸ¦„ğŸ¦„ğŸ¦„ğŸ¦„ğŸ¦„ğŸ¦„ğŸ¦„ğŸ¦„ğŸ¦„ğŸ¦„ğŸ¦„ğŸ¦„ğŸ¦„âœ¨âœ¨âœ¨âœ¨âœ¨âœ¨âœ¨âœ¨âœ¨âœ¨âœ¨âœ¨âœ¨âœ¨âœ¨âœ¨âœ¨ğŸ‰ğŸ‰ğŸ‰ğŸ‰ğŸ‰ğŸ‰ğŸ‰ğŸ‰ğŸ‰ğŸ‰ğŸ‰ğŸ‰ğŸ‰,8/18/2022 3:12,884654
nickiminaj,"Ball so hard I just took a knee. 
Get me rocky ASAP n!gg@- 
word to Rih ğŸ‘™ğŸ€ğŸ’
 #SuperFreakyGirl out now ğŸ‘…",8/17/2022 8:33,1145159
mileycyrus,29-Apr,4/26/2022 18:19,440741
mileycyrus,READY TO KICK ASS IN BOGOTA! SEE YOU TONIGHT COLOMBIA! #ATTENTION #MILEYLIVE,3/21/2022 14:46,903446
mileycyrus,"YOUâ€™VE GOT QUESTIONS? 

#ATTENTION #MILEYLIVE",3/18/2022 18:30,1450132
mileycyrus,"Name our band. ğŸ¸
ğŸ“¸ x @myleshendrik",2/25/2022 15:03,683962
mileycyrus,#GucciLoveParade,2/21/2022 21:18,1176167
mileycyrus,"#GucciLoveParade 
@gucci @alessandro_michele",2/21/2022 16:54,671250
mileycyrus,"Nobodyâ€™s Perfect. ğŸ‘‘ 
@theperfectmagazine #PerfectIssueTwo

ğŸ“¸ @jahmadbalugo @gucci @amlater 
ğŸ“²Â Preorder Issue Two from @boutiquemags",2/19/2022 15:38,274475
mileycyrus,#SuperBowlFest ğŸˆ on film by @myleshendrik @gucci @alessandro_michele ğŸ§¡,2/18/2022 21:27,273795
mileycyrus,2 hours until show time! @greenday @sbmusicfest ğŸ“¸ @vijatm,2/13/2022 2:19,766045
mileycyrus,"Reinvented my live show. New original songs. New fan favorites. New covers. New arrangements. 
#SuperBowlMusicFest tonight in LA! See you there @greenday ğŸ–¤ ğŸ“¸ @vijatm",2/12/2022 17:13,631622
neymarjr,Que Deus nos abenÃ§oe e nos proteja â¤ï¸ğŸ™,10/5/2022 17:16,1435233
neymarjr,Lisboa âœˆï¸ ğŸ‡µğŸ‡¹,10/4/2022 17:57,2121565
neymarjr,Que Deus nos abenÃ§oe e nos proteja ğŸ™ğŸ’™ğŸ’šğŸ’›,10/1/2022 17:10,1582214
neymarjr,Que Deus nos abenÃ§oe e nos proteja ğŸ™â¤ï¸,9/27/2022 16:25,2074030
neymarjr,Que Deus nos abenÃ§oe e nos proteja ğŸ™â¤ï¸,9/23/2022 16:28,1479446
neymarjr,ğŸ¦ @richarlison,9/19/2022 22:02,1811775
neymarjr,Que Deus nos abenÃ§oe e nos proteja ğŸ™â¤ï¸,9/18/2022 16:59,1247667
neymarjr,âœ‹ğŸ½ğŸ˜ğŸ¤šğŸ½,9/14/2022 21:59,2998688
neymarjr,Que Deus nos abenÃ§oe e nos proteja ğŸ™â¤ï¸,9/14/2022 16:56,1202802
neymarjr,"Quando viu noix passa fez assim ğŸ¤ŒğŸ½ğŸ¤ŒğŸ½ğŸ‘‹ğŸ½ğŸ«²ğŸ½
.
.
.
.
.
.
.

ğŸ“· @ryan.grim",9/12/2022 20:19,2187375
kevinhart4real,#LilSwag #PhiladelphiaBorn #ComedicRockStarShit,10/8/2022 16:51,128665
kevinhart4real,#Harts,10/4/2022 1:39,212923
kevinhart4real,So happy for my guys @nicholasstoller.  @juddapatow and @billyeichner â€¦.Congrats fellas. People make sure you get out to the theaters this weekend and watch this amazing comedy â€œBroâ€™sâ€ â€¦.itâ€™s a fucking hilarious movieâ€¦.point blank!!!!! Help my friends have an amazing opening weekend. Love you guysâ€¦.you motivate me more than you will ever know!!!!!! Go see Broâ€™s in theaters now DAMN IT!!!!!!,9/30/2022 18:26,451005
kevinhart4real,"Success tastes the sweetest when it's the product of hard work. We're thankful to have a team that walks their talk - like @a_w_hooper and Kevinhart4real.â 
â 
Our CEO, Andy Hooper, isn't aiming for Hart House to break into the QSR industry - we structured the company to disrupt existing norms, starting with how we take care of our employees.â  On top of our industry-leading base wage of $19-22, we also offer all employees a savings account, lifestyle spending account, a 401(k), and health coverage after 60 days of work - regardless of how many hours they work.â 
â 
By building a culture that centers employees as well as guests, we're able to set a higher standard for service at the restaurant - so when you visit Hart House, you'll taste, see, and feel the difference. #EatYourHartOut",9/27/2022 15:45,156428
kevinhart4real,"Tickets are ON SALE NOW for added shows in Portland, Calgary and Sacramento!!! This tour has been unlike anything else. Limited tickets left for upcoming shows at KEVINHARTNATION.COM! #RealityCheckTour #ComedicRockStarShit",9/26/2022 19:47,57225
kevinhart4real,"Tickets are ON SALE NOW for added shows in Portland, Calgary and Sacramento!!! This tour has been unlike anything else. Limited tickets left for upcoming shows at KEVINHARTNATION.COM! #RealityCheckTour #ComedicRockStarShit",9/24/2022 17:13,88131
kevinhart4real,#ComedicRockStarShit #RealityCheckTour,9/23/2022 15:30,123504
kevinhart4real,Go to @audible and download my Audible Original â€œMonsters And How To Tame Themâ€ Noooooooowwwwâ€¦.itâ€™s an amazing Listen!!!!!!! Click the link in my Bio and get yours today damn it!!!!!!!! Letâ€™s goooooooooo,9/21/2022 21:48,31303
kevinhart4real,Letâ€™s goooooooooooo â€¦..This film/series is pure comedy â€¦.such an amazing cast. Canâ€™t wait for you guys to enjoy this one!!!!! #HartBeat,9/21/2022 15:04,141207
kevinhart4real,Our product speaks for itselfâ€¦ @grancoramino is the tequila of today & tomorrow. Our product is as smooth as it getsâ€¦.If you havenâ€™t tried our Cristalino & our Anejo you are truly missing out!!!!! Hard Work Taste Differentâ€¦.make sure you celebrate your hardwork correctlyâ€¦.do it with @grancoramino,9/20/2022 20:18,117638
zendaya,@luxurylaw @loewe @jonathan.anderson,9/18/2022 17:46,5267480
zendaya,Iâ€™m on my wayğŸ–¤ Emmys 2022,9/12/2022 23:05,7671005
zendaya,"I get to spend the day responding to the most beautiful messages (sorry Iâ€™m a little late) thank yaâ€™ll for filling my heart with so much love, I couldnâ€™t be more grateful ğŸ’• Hereâ€™s to 26!",9/2/2022 15:55,7635418
zendaya,"Making this show with this cast and crew of the most incredibly talented people that I get the privilege of learning from everyday has been a highlight of my life. Iâ€™m so proud to work beside you and CONGRATULATIONS! I donâ€™t have the words to express the love and gratitude I feel right now, all I can do is say thank you with all my heart! Thanks to everyone who connected with our show, it is an honor to share it with you. Thank you @samlev00 for everything you do, this show is what it is because of your heart, and thank you to @labrinth @marcellrev @hbo @a24 for being the best creative collaborators. Lastly thank you to the @televisionacademy for this incredible acknowledgment. We out here Emmy nominated again yâ€™all!!!",7/12/2022 19:34,5084494
zendaya,Unexpected Wonders with @bulgari ğŸ¦š,6/8/2022 20:58,7502581
zendaya,Happiest of birthdays to the one who makes me the happiest <3,6/1/2022 14:58,25430958
zendaya,Oscars 2022,3/29/2022 0:30,8467213
zendaya,"Itâ€™s been a long but beautiful road, last euphoria day for a whileâ€¦we hope you enjoy itâ™¥ï¸",2/28/2022 1:06,9559438
zendaya,"Last night for the NAACP Image Awards in this beautiful 1956 @balmain â™¥ï¸ @luxurylaw 

â€¢Shot on my Leica M10, with the help of @mills.stillsâ€¢",2/27/2022 17:41,8974820
zendaya,@squarespace x @edgarwright narrated by the one and only @andre3000 ğŸš,2/15/2022 0:21,8582125
badgalriri,.,9/25/2022 18:40,6963292
badgalriri,"our lil fashion killa on da cover of VOGUE!! ğŸ‘¼ğŸ½

@voguemagazine 
â€¨Photographer:Â @annieleibovitz â€¨Writer: @nnadibynature 
Fashion Editors:Â 
@illjahjah & @alex_jordan_harrington 
Hair: @jawaraw â€¨Makeup:Â Kanako Takase
Nails: @cam.t.artist
Entertainment Director: @sergiokletnoy",4/12/2022 11:54,5587581
badgalriri,"Today is my Queenâ€™s birthday!!! Being on the verge of motherhood, unlocked new levels of love and respect I have for my mommy in a way that I could never explain! Sheâ€™s the true MVP and I wanna give her her flowers every second I can! Love you mumzzzz!!! Happy Birthday! We gon celebrate on da link up!",4/6/2022 3:35,4016119
badgalriri,"bout to be in my ULTA bag!! 

Dats right, I can finally confirm that @fentybeauty is officially joining the @ultabeauty fam!! 
March 6th",2/17/2022 18:05,4268801
badgalriri,ICON,2/1/2022 16:46,5234487
badgalriri,"2022, we coming in HOT! we bout to bring you a whole new #SavageXFenty experience with the launch of our brick-and-mortar retail stores!

canâ€™t believe itâ€™s actually that time, and I canâ€™t wait for you to have this experience irlâ€¦. our very first locations: Las Vegas, Los Angeles, Houston, Philadelphia, and Washington DC. watch the @savagexfenty feed for details ğŸ‘€",1/7/2022 17:29,1219740
badgalriri,when you actually lived up to your New Years resolutionâ€¦.pressure applied âœ”ï¸ @savagexfenty,12/31/2021 12:03,4343222
badgalriri,new new @savagexfenty for the new year! available now,12/31/2021 12:01,2852465
badgalriri,,12/25/2021 17:33,4837111
badgalriri,the Gunnaâ€™z. ğŸ’ªğŸ¿ @gunna,11/1/2021 1:17,1042180
